BENCHMARK_NAME	WORKLOAD_NAME	MACHINE	RESULT_FOLDER	FOLDER_TIMESTAMP	STORAGE_TYPE	duration_micro	enable_retrospective_lock_list	extended_rw_lock	extra_table_reads	extra_table_rmws	extra_table_size	fork_workers	hot_threshold	initial_table_size	log_buffer_mb	loggers_per_node	max_scan_length	null_log_device	numa_nodes	ordered_inserts	parallel_lock	random_inserts	read_all_fields	reducer_buffer_size	reps_per_tx	rmw_additional_reads	snapshot_pool_size	sort_keys	sort_load_keys	thread_per_node	verify_loaded_data	volatile_pool_size	workload	write_all_fields	zipfian_theta	COMPLETED_RUNS	FAILED_RUNS	MTPS_AVE	MTPS_STDEV	RACE_ABORTS_AVE	RACE_ABORTS_STDEV
ycsb	workloadF	gh	result_ycsb_1458286025	2016/03/18:00:27:05	hash	10000000	0	1	0	0	0	true	0	50	512	2	1000	true	16	0	0	0	0	1	10	0	1	0	0	14	0	16	F	0	0	3	0	0.0027049566666666664	2.568536591567317E-5	1675109	15662.19339683941
ycsb	workloadF	gh	result_ycsb_1458286025	2016/03/18:00:27:05	masstree	10000000	0	1	0	0	0	true	0	50	512	2	1000	true	16	0	0	0	0	1	10	0	1	0	0	14	0	16	F	0	0	3	0	0.0010365533333333333	1.1152489507820428E-5	623366	8129.73295994401
ycsb	workloadF	gh	result_ycsb_1458286246	2016/03/18:00:30:46	hash	10000000	0	1	0	0	0	true	0	50	512	2	1000	true	16	0	0	0	0	1	9	1	1	0	0	14	0	16	F	0	0	3	0	0.0028825566666666664	5.2190976444419786E-5	1620339	29251.810950583418
ycsb	workloadF	gh	result_ycsb_1458286246	2016/03/18:00:30:46	masstree	10000000	0	1	0	0	0	true	0	50	512	2	1000	true	16	0	0	0	0	1	9	1	1	0	0	14	0	16	F	0	0	3	0	0.00119902	4.5438383187582324E-6	653543	1326.0648132410481
ycsb	workloadF	gh	result_ycsb_1458286467	2016/03/18:00:34:27	hash	10000000	0	1	0	0	0	true	0	50	512	2	1000	true	16	0	0	0	0	1	8	2	1	0	0	14	0	16	F	0	0	3	0	0.0032326533333333334	1.8764381743689033E-5	1599896	14437.109683035591
ycsb	workloadF	gh	result_ycsb_1458286467	2016/03/18:00:34:27	masstree	10000000	0	1	0	0	0	true	0	50	512	2	1000	true	16	0	0	0	0	1	8	2	1	0	0	14	0	16	F	0	0	3	0	0.00139758	2.6482572886076968E-5	669958	6972.486229619174
ycsb	workloadF	gh	result_ycsb_1458286688	2016/03/18:00:38:08	hash	10000000	0	1	0	0	0	true	0	50	512	2	1000	true	16	0	0	0	0	1	7	3	1	0	0	14	0	16	F	0	0	3	0	0.00370274	1.5141974772048755E-5	1595184	12786.538390041302
ycsb	workloadF	gh	result_ycsb_1458286688	2016/03/18:00:38:08	masstree	10000000	0	1	0	0	0	true	0	50	512	2	1000	true	16	0	0	0	0	1	7	3	1	0	0	14	0	16	F	0	0	3	0	0.0016845100000000002	1.4912493643456423E-5	696316	5337.789919267056
ycsb	workloadF	gh	result_ycsb_1458286910	2016/03/18:00:41:50	hash	10000000	0	1	0	0	0	true	0	50	512	2	1000	true	16	0	0	0	0	1	6	4	1	0	0	14	0	16	F	0	0	3	0	0.004449843333333334	5.111341659045369E-5	1626679	27396.963298876755
ycsb	workloadF	gh	result_ycsb_1458286910	2016/03/18:00:41:50	masstree	10000000	0	1	0	0	0	true	0	50	512	2	1000	true	16	0	0	0	0	1	6	4	1	0	0	14	0	16	F	0	0	3	0	0.002047076666666667	1.9836398082503587E-5	710254	1742.7243678301522
ycsb	workloadF	gh	result_ycsb_1458287131	2016/03/18:00:45:31	hash	10000000	0	1	0	0	0	true	0	50	512	2	1000	true	16	0	0	0	0	1	5	5	1	0	0	14	0	16	F	0	0	3	0	0.005466523333333334	4.3265106289189384E-5	1619753	13596.499435099899
ycsb	workloadF	gh	result_ycsb_1458287131	2016/03/18:00:45:31	masstree	10000000	0	1	0	0	0	true	0	50	512	2	1000	true	16	0	0	0	0	1	5	5	1	0	0	14	0	16	F	0	0	3	0	0.002627996666666667	4.111316118009525E-5	732772	686.1865635525079
ycsb	workloadF	gh	result_ycsb_1458287354	2016/03/18:00:49:14	hash	10000000	0	1	0	0	0	true	0	50	512	2	1000	true	16	0	0	0	0	1	4	6	1	0	0	14	0	16	F	0	0	3	0	0.0075205133333333335	6.153880636543056E-5	1686259	10840.373204930169
ycsb	workloadF	gh	result_ycsb_1458287354	2016/03/18:00:49:14	masstree	10000000	0	1	0	0	0	true	0	50	512	2	1000	true	16	0	0	0	0	1	4	6	1	0	0	14	0	16	F	0	0	3	0	0.0036404466666666666	2.469269842599188E-5	761834	6611.661179729493
ycsb	workloadF	gh	result_ycsb_1458287577	2016/03/18:00:52:57	hash	10000000	0	1	0	0	0	true	0	50	512	2	1000	true	16	0	0	0	0	1	3	7	1	0	0	14	0	16	F	0	0	3	0	0.011531233333333335	8.509227670889089E-5	1838255	14296.69206494985
ycsb	workloadF	gh	result_ycsb_1458287577	2016/03/18:00:52:57	masstree	10000000	0	1	0	0	0	true	0	50	512	2	1000	true	16	0	0	0	0	1	3	7	1	0	0	14	0	16	F	0	0	3	0	0.005671679999999999	2.2583207625615133E-5	780216	4979.0112360704725
ycsb	workloadF	gh	result_ycsb_1458287799	2016/03/18:00:56:39	hash	10000000	0	1	0	0	0	true	0	50	512	2	1000	true	16	0	0	0	0	1	2	8	1	0	0	14	0	16	F	0	0	3	0	0.02492686666666667	5.962888021382487E-4	2314389	29675.717742889792
ycsb	workloadF	gh	result_ycsb_1458287799	2016/03/18:00:56:39	masstree	10000000	0	1	0	0	0	true	0	50	512	2	1000	true	16	0	0	0	0	1	2	8	1	0	0	14	0	16	F	0	0	3	0	0.014453600000000002	3.991939628801254E-4	645571	5275.358018393539
ycsb	workloadF	gh	result_ycsb_1458288021	2016/03/18:01:00:21	hash	10000000	0	1	0	0	0	true	0	50	512	2	1000	true	16	0	0	0	0	1	1	9	1	0	0	14	0	16	F	0	0	3	0	0.21160466666666666	3.2358855906986455E-4	906575	1128.8363723507462
ycsb	workloadF	gh	result_ycsb_1458288021	2016/03/18:01:00:21	masstree	10000000	0	1	0	0	0	true	0	50	512	2	1000	true	16	0	0	0	0	1	1	9	1	0	0	14	0	16	F	0	0	3	0	0.0500061	7.598178597535237E-4	219029	3483.7852338451135
ycsb	workloadF	gh	result_ycsb_1458288242	2016/03/18:01:04:02	hash	10000000	0	1	0	0	0	true	0	50	512	2	1000	true	16	0	0	0	0	1	0	10	1	0	0	14	0	16	F	0	0	3	0	0.655392	0.0030926212183228262	0	0.0
ycsb	workloadF	gh	result_ycsb_1458288242	2016/03/18:01:04:02	masstree	10000000	0	1	0	0	0	true	0	50	512	2	1000	true	16	0	0	0	0	1	0	10	1	0	0	14	0	16	F	0	0	3	0	0.0351845	9.386925410733984E-4	0	0.0
ycsb	workloadF	gh	result_ycsb_1458288464	2016/03/18:01:07:44	hash	10000000	1	1	0	0	0	true	0	50	512	2	1000	true	16	0	0	0	0	1	10	0	1	0	0	14	0	16	F	0	0	3	0	0.0546587	2.8303654652228144E-4	506996	2700.502463531924
ycsb	workloadF	gh	result_ycsb_1458288464	2016/03/18:01:07:44	masstree	10000000	1	1	0	0	0	true	0	50	512	2	1000	true	16	0	0	0	0	1	10	0	1	0	0	14	0	16	F	0	0	3	0	0.031177266666666665	1.5242574877331557E-4	291338	1514.569759224464
ycsb	workloadF	gh	result_ycsb_1458288684	2016/03/18:01:11:24	hash	10000000	1	1	0	0	0	true	0	50	512	2	1000	true	16	0	0	0	0	1	9	1	1	0	0	14	0	16	F	0	0	3	0	0.055638266666666665	1.3485088884423988E-4	500441	1534.3447751028768
ycsb	workloadF	gh	result_ycsb_1458288684	2016/03/18:01:11:24	masstree	10000000	1	1	0	0	0	true	0	50	512	2	1000	true	16	0	0	0	0	1	9	1	1	0	0	14	0	16	F	0	0	3	0	0.032356666666666666	8.065442056003016E-5	294162	818.067234400694
ycsb	workloadF	gh	result_ycsb_1458288905	2016/03/18:01:15:05	hash	10000000	1	1	0	0	0	true	0	50	512	2	1000	true	16	0	0	0	0	1	8	2	1	0	0	14	0	16	F	0	0	3	0	0.05781356666666667	2.1577881164715364E-4	498194	2327.0459576221306
ycsb	workloadF	gh	result_ycsb_1458288905	2016/03/18:01:15:05	masstree	10000000	1	1	0	0	0	true	0	50	512	2	1000	true	16	0	0	0	0	1	8	2	1	0	0	14	0	16	F	0	0	3	0	0.0337354	1.353365434760483E-4	294676	1266.955405687193
ycsb	workloadF	gh	result_ycsb_1458289127	2016/03/18:01:18:47	hash	10000000	1	1	0	0	0	true	0	50	512	2	1000	true	16	0	0	0	0	1	7	3	1	0	0	14	0	16	F	0	0	3	0	0.06086636666666667	6.241068088787726E-4	495277	4756.781895357406
ycsb	workloadF	gh	result_ycsb_1458289127	2016/03/18:01:18:47	masstree	10000000	1	1	0	0	0	true	0	50	512	2	1000	true	16	0	0	0	0	1	7	3	1	0	0	14	0	16	F	0	0	3	0	0.035599933333333326	7.570576082762784E-5	293566	468.93946542064884
ycsb	workloadF	gh	result_ycsb_1458289348	2016/03/18:01:22:28	hash	10000000	1	1	0	0	0	true	0	50	512	2	1000	true	16	0	0	0	0	1	6	4	1	0	0	14	0	16	F	0	0	3	0	0.0655541	8.210316721458384E-4	493378	5741.297433701637
ycsb	workloadF	gh	result_ycsb_1458289348	2016/03/18:01:22:28	masstree	10000000	1	1	0	0	0	true	0	50	512	2	1000	true	16	0	0	0	0	1	6	4	1	0	0	14	0	16	F	0	0	3	0	0.037784766666666664	1.787212416649218E-4	289027	1307.206181135937
ycsb	workloadF	gh	result_ycsb_1458289570	2016/03/18:01:26:10	hash	10000000	1	1	0	0	0	true	0	50	512	2	1000	true	16	0	0	0	0	1	5	5	1	0	0	14	0	16	F	0	0	3	0	0.0734625	1.4921516902144388E-4	498474	1133.085855326944
ycsb	workloadF	gh	result_ycsb_1458289570	2016/03/18:01:26:10	masstree	10000000	1	1	0	0	0	true	0	50	512	2	1000	true	16	0	0	0	0	1	5	5	1	0	0	14	0	16	F	0	0	3	0	0.0414719	2.5308101469718623E-4	286738	1839.8266222663483
ycsb	workloadF	gh	result_ycsb_1458289792	2016/03/18:01:29:52	hash	10000000	1	1	0	0	0	true	0	50	512	2	1000	true	16	0	0	0	0	1	4	6	1	0	0	14	0	16	F	0	0	3	0	0.08518503333333334	2.255728460781641E-4	502585	2172.304306491151
ycsb	workloadF	gh	result_ycsb_1458289792	2016/03/18:01:29:52	masstree	10000000	1	1	0	0	0	true	0	50	512	2	1000	true	16	0	0	0	0	1	4	6	1	0	0	14	0	16	F	0	0	3	0	0.046012833333333336	2.5687909391223905E-4	276909	1242.9106520122425
ycsb	workloadF	gh	result_ycsb_1458290013	2016/03/18:01:33:33	hash	10000000	1	1	0	0	0	true	0	50	512	2	1000	true	16	0	0	0	0	1	3	7	1	0	0	14	0	16	F	0	0	3	0	0.10406466666666668	2.0098811461873088E-4	503118	1373.9263282803747
ycsb	workloadF	gh	result_ycsb_1458290013	2016/03/18:01:33:33	masstree	10000000	1	1	0	0	0	true	0	50	512	2	1000	true	16	0	0	0	0	1	3	7	1	0	0	14	0	16	F	0	0	3	0	0.0529705	1.5511486067153744E-4	260814	1284.8353980179718
ycsb	workloadF	gh	result_ycsb_1458290237	2016/03/18:01:37:17	hash	10000000	1	1	0	0	0	true	0	50	512	2	1000	true	16	0	0	0	0	1	2	8	1	0	0	14	0	16	F	0	0	3	0	0.13879300000000003	2.1610337031997346E-4	494145	1510.7885358315373
ycsb	workloadF	gh	result_ycsb_1458290237	2016/03/18:01:37:17	masstree	10000000	1	1	0	0	0	true	0	50	512	2	1000	true	16	0	0	0	0	1	2	8	1	0	0	14	0	16	F	0	0	3	0	0.06160133333333334	2.048514312566057E-4	223519	832.2224595751875
ycsb	workloadF	gh	result_ycsb_1458290458	2016/03/18:01:40:58	hash	10000000	1	1	0	0	0	true	0	50	512	2	1000	true	16	0	0	0	0	1	1	9	1	0	0	14	0	16	F	0	0	3	0	0.22169166666666665	2.3597363318426828E-4	445004	932.7389774208002
ycsb	workloadF	gh	result_ycsb_1458290458	2016/03/18:01:40:58	masstree	10000000	1	1	0	0	0	true	0	50	512	2	1000	true	16	0	0	0	0	1	1	9	1	0	0	14	0	16	F	0	0	3	0	0.06947739999999998	1.7071121814558922E-4	143010	980.8026758167581
ycsb	workloadF	gh	result_ycsb_1458290680	2016/03/18:01:44:40	hash	10000000	1	1	0	0	0	true	0	50	512	2	1000	true	16	0	0	0	0	1	0	10	1	0	0	14	0	16	F	0	0	3	0	0.6526700000000001	0.00257810408373532	0	0.0
ycsb	workloadF	gh	result_ycsb_1458290680	2016/03/18:01:44:40	masstree	10000000	1	1	0	0	0	true	0	50	512	2	1000	true	16	0	0	0	0	1	0	10	1	0	0	14	0	16	F	0	0	3	0	0.035915133333333335	4.0611923810100677E-4	0	0.0
ycsb	workloadF	gh	result_ycsb_1458290904	2016/03/18:01:48:24	hash	10000000	0	1	0	0	0	true	2	50	512	2	1000	true	16	0	0	0	0	1	10	0	1	0	0	14	0	16	F	0	0	3	0	0.0026643999999999995	4.052973969818032E-5	1631177	24599.17758787883
ycsb	workloadF	gh	result_ycsb_1458290904	2016/03/18:01:48:24	masstree	10000000	0	1	0	0	0	true	2	50	512	2	1000	true	16	0	0	0	0	1	10	0	1	0	0	14	0	16	F	0	0	3	0	0.00103269	6.147086030523682E-6	622058	6780.638023077179
ycsb	workloadF	gh	result_ycsb_1458291126	2016/03/18:01:52:06	hash	10000000	0	1	0	0	0	true	2	50	512	2	1000	true	16	0	0	0	0	1	9	1	1	0	0	14	0	16	F	0	0	3	0	0.0029131666666666668	2.410225485071009E-5	1632020	13857.188455407246
ycsb	workloadF	gh	result_ycsb_1458291126	2016/03/18:01:52:06	masstree	10000000	0	1	0	0	0	true	2	50	512	2	1000	true	16	0	0	0	0	1	9	1	1	0	0	14	0	16	F	0	0	3	0	0.0011893866666666667	1.6892859109376348E-5	649706	5251.702284870689
ycsb	workloadF	gh	result_ycsb_1458291349	2016/03/18:01:55:49	hash	10000000	0	1	0	0	0	true	2	50	512	2	1000	true	16	0	0	0	0	1	8	2	1	0	0	14	0	16	F	0	0	3	0	0.003237316666666667	3.346616633092924E-5	1603418	13888.162369442547
ycsb	workloadF	gh	result_ycsb_1458291349	2016/03/18:01:55:49	masstree	10000000	0	1	0	0	0	true	2	50	512	2	1000	true	16	0	0	0	0	1	8	2	1	0	0	14	0	16	F	0	0	3	0	0.0014137466666666668	6.651838509422269E-6	679589	970.2412071232596
ycsb	workloadF	gh	result_ycsb_1458291571	2016/03/18:01:59:31	hash	10000000	0	1	0	0	0	true	2	50	512	2	1000	true	16	0	0	0	0	1	7	3	1	0	0	14	0	16	F	0	0	3	0	0.003713493333333333	3.986728344006569E-5	1583084	16428.515784716277
ycsb	workloadF	gh	result_ycsb_1458291571	2016/03/18:01:59:31	masstree	10000000	0	1	0	0	0	true	2	50	512	2	1000	true	16	0	0	0	0	1	7	3	1	0	0	14	0	16	F	0	0	3	0	0.0016652166666666667	1.770276877277754E-5	689401	1498.187645867167
ycsb	workloadF	gh	result_ycsb_1458291794	2016/03/18:02:03:14	hash	10000000	0	1	0	0	0	true	2	50	512	2	1000	true	16	0	0	0	0	1	6	4	1	0	0	14	0	16	F	0	0	3	0	0.00446881	1.5433010075673612E-5	1613216	6262.020281027521
ycsb	workloadF	gh	result_ycsb_1458291794	2016/03/18:02:03:14	masstree	10000000	0	1	0	0	0	true	2	50	512	2	1000	true	16	0	0	0	0	1	6	4	1	0	0	14	0	16	F	0	0	3	0	0.0020707733333333333	7.800856078354127E-6	717527	2852.323536266879
ycsb	workloadF	gh	result_ycsb_1458292016	2016/03/18:02:06:56	hash	10000000	0	1	0	0	0	true	2	50	512	2	1000	true	16	0	0	0	0	1	5	5	1	0	0	14	0	16	F	0	0	3	0	0.005481693333333333	6.572632214128552E-5	1606524	22526.77691104522
ycsb	workloadF	gh	result_ycsb_1458292016	2016/03/18:02:06:56	masstree	10000000	0	1	0	0	0	true	2	50	512	2	1000	true	16	0	0	0	0	1	5	5	1	0	0	14	0	16	F	0	0	3	0	0.0026448966666666666	6.635813606776681E-6	739464	4221.166768669063
ycsb	workloadF	gh	result_ycsb_1458292238	2016/03/18:02:10:38	hash	10000000	0	1	0	0	0	true	2	50	512	2	1000	true	16	0	0	0	0	1	4	6	1	0	0	14	0	16	F	0	0	3	0	0.007582266666666666	2.594039492584142E-5	1696485	11350.081849925136
ycsb	workloadF	gh	result_ycsb_1458292238	2016/03/18:02:10:38	masstree	10000000	0	1	0	0	0	true	2	50	512	2	1000	true	16	0	0	0	0	1	4	6	1	0	0	14	0	16	F	0	0	3	0	0.00369601	2.4253627907278066E-5	766124	5719.397918972066
ycsb	workloadF	gh	result_ycsb_1458292459	2016/03/18:02:14:19	hash	10000000	0	1	0	0	0	true	2	50	512	2	1000	true	16	0	0	0	0	1	3	7	1	0	0	14	0	16	F	0	0	3	0	0.011620499999999999	6.169802806161334E-5	1832613	11002.21550416097
ycsb	workloadF	gh	result_ycsb_1458292459	2016/03/18:02:14:19	masstree	10000000	0	1	0	0	0	true	2	50	512	2	1000	true	16	0	0	0	0	1	3	7	1	0	0	14	0	16	F	0	0	3	0	0.005678373333333334	6.050302104483357E-5	781715	7150.371878441008
ycsb	workloadF	gh	result_ycsb_1458292682	2016/03/18:02:18:02	hash	10000000	0	1	0	0	0	true	2	50	512	2	1000	true	16	0	0	0	0	1	2	8	1	0	0	14	0	16	F	0	0	3	0	0.024754733333333334	8.313718635818843E-4	2317137	22326.989631385597
ycsb	workloadF	gh	result_ycsb_1458292682	2016/03/18:02:18:02	masstree	10000000	0	1	0	0	0	true	2	50	512	2	1000	true	16	0	0	0	0	1	2	8	1	0	0	14	0	16	F	0	0	3	0	0.013121600000000002	1.1521738873380526E-4	649050	8689.620014707203
ycsb	workloadF	gh	result_ycsb_1458292904	2016/03/18:02:21:44	hash	10000000	0	1	0	0	0	true	2	50	512	2	1000	true	16	0	0	0	0	1	1	9	1	0	0	14	0	16	F	0	0	3	0	0.210843	6.005597389120551E-4	900109	4296.088130167719
ycsb	workloadF	gh	result_ycsb_1458292904	2016/03/18:02:21:44	masstree	10000000	0	1	0	0	0	true	2	50	512	2	1000	true	16	0	0	0	0	1	1	9	1	0	0	14	0	16	F	0	0	3	0	0.04974103333333333	2.970292054485031E-4	217383	1221.7724374389438
ycsb	workloadF	gh	result_ycsb_1458293126	2016/03/18:02:25:26	hash	10000000	0	1	0	0	0	true	2	50	512	2	1000	true	16	0	0	0	0	1	0	10	1	0	0	14	0	16	F	0	0	3	0	115.127	0.19590303724782296	0	0.0
ycsb	workloadF	gh	result_ycsb_1458293126	2016/03/18:02:25:26	masstree	10000000	0	1	0	0	0	true	2	50	512	2	1000	true	16	0	0	0	0	1	0	10	1	0	0	14	0	16	F	0	0	3	0	122.866	0.6713305196879766	0	0.0
ycsb	workloadF	gh	result_ycsb_1458293347	2016/03/18:02:29:07	hash	10000000	1	1	0	0	0	true	2	50	512	2	1000	true	16	0	0	0	0	1	10	0	1	0	0	14	0	16	F	0	0	3	0	0.054395500000000006	2.4930745409318454E-4	503746	2407.8040248801403
ycsb	workloadF	gh	result_ycsb_1458293347	2016/03/18:02:29:07	masstree	10000000	1	1	0	0	0	true	2	50	512	2	1000	true	16	0	0	0	0	1	10	0	1	0	0	14	0	16	F	0	0	3	0	0.031001233333333333	8.135552975933716E-5	289739	704.2780385311265
ycsb	workloadF	gh	result_ycsb_1458293569	2016/03/18:02:32:49	hash	10000000	1	1	0	0	0	true	2	50	512	2	1000	true	16	0	0	0	0	1	9	1	1	0	0	14	0	16	F	0	0	3	0	0.05568766666666667	1.108302104791831E-4	500180	961.2089031745348
ycsb	workloadF	gh	result_ycsb_1458293569	2016/03/18:02:32:49	masstree	10000000	1	1	0	0	0	true	2	50	512	2	1000	true	16	0	0	0	0	1	9	1	1	0	0	14	0	16	F	0	0	3	0	0.03217536666666667	1.6129790933359928E-4	292036	1306.0857552243651
ycsb	workloadF	gh	result_ycsb_1458293790	2016/03/18:02:36:30	hash	10000000	1	1	0	0	0	true	2	50	512	2	1000	true	16	0	0	0	0	1	8	2	1	0	0	14	0	16	F	0	0	3	0	0.05784329999999999	1.4078525017663246E-4	498282	1028.1622223861332
ycsb	workloadF	gh	result_ycsb_1458293790	2016/03/18:02:36:30	masstree	10000000	1	1	0	0	0	true	2	50	512	2	1000	true	16	0	0	0	0	1	8	2	1	0	0	14	0	16	F	0	0	3	0	0.033660833333333334	1.0445293464331902E-4	293472	1091.9683552582915
ycsb	workloadF	gh	result_ycsb_1458294012	2016/03/18:02:40:12	hash	10000000	1	1	0	0	0	true	2	50	512	2	1000	true	16	0	0	0	0	1	7	3	1	0	0	14	0	16	F	0	0	3	0	0.06113633333333333	2.0869126053347378E-4	497363	2209.549476451138
ycsb	workloadF	gh	result_ycsb_1458294012	2016/03/18:02:40:12	masstree	10000000	1	1	0	0	0	true	2	50	512	2	1000	true	16	0	0	0	0	1	7	3	1	0	0	14	0	16	F	0	0	3	0	0.03561926666666667	7.209818922120858E-5	294020	234.83611306611255
ycsb	workloadF	gh	result_ycsb_1458294234	2016/03/18:02:43:54	hash	10000000	1	1	0	0	0	true	2	50	512	2	1000	true	16	0	0	0	0	1	6	4	1	0	0	14	0	16	F	0	0	3	0	0.0661685	1.9702387334069184E-4	498209	1523.3538291826683
ycsb	workloadF	gh	result_ycsb_1458294234	2016/03/18:02:43:54	masstree	10000000	1	1	0	0	0	true	2	50	512	2	1000	true	16	0	0	0	0	1	6	4	1	0	0	14	0	16	F	0	0	3	0	0.03824143333333333	1.7725755899832178E-4	292835	1467.2116033093175
ycsb	workloadF	gh	result_ycsb_1458294457	2016/03/18:02:47:37	hash	10000000	1	1	0	0	0	true	2	50	512	2	1000	true	16	0	0	0	0	1	5	5	1	0	0	14	0	16	F	0	0	3	0	0.0732822	1.1955927399927958E-4	496594	1124.742736019666
ycsb	workloadF	gh	result_ycsb_1458294457	2016/03/18:02:47:37	masstree	10000000	1	1	0	0	0	true	2	50	512	2	1000	true	16	0	0	0	0	1	5	5	1	0	0	14	0	16	F	0	0	3	0	0.04120476666666666	1.3713138063684756E-4	284564	773.6301154668496
ycsb	workloadF	gh	result_ycsb_1458294679	2016/03/18:02:51:19	hash	10000000	1	1	0	0	0	true	2	50	512	2	1000	true	16	0	0	0	0	1	4	6	1	0	0	14	0	16	F	0	0	3	0	0.08477419999999998	1.1560141292137444E-4	500602	1048.8412653972002
ycsb	workloadF	gh	result_ycsb_1458294679	2016/03/18:02:51:19	masstree	10000000	1	1	0	0	0	true	2	50	512	2	1000	true	16	0	0	0	0	1	4	6	1	0	0	14	0	16	F	0	0	3	0	0.04590433333333333	9.536296742236639E-5	275405	1001.4344156685938
ycsb	workloadF	gh	result_ycsb_1458294901	2016/03/18:02:55:01	hash	10000000	1	1	0	0	0	true	2	50	512	2	1000	true	16	0	0	0	0	1	3	7	1	0	0	14	0	16	F	0	0	3	0	0.10344000000000002	3.094812864499273E-4	499948	1924.2951956495656
ycsb	workloadF	gh	result_ycsb_1458294901	2016/03/18:02:55:01	masstree	10000000	1	1	0	0	0	true	2	50	512	2	1000	true	16	0	0	0	0	1	3	7	1	0	0	14	0	16	F	0	0	3	0	0.05264596666666666	1.3082205047177455E-4	259551	476.53214884779607
ycsb	workloadF	gh	result_ycsb_1458295124	2016/03/18:02:58:44	hash	10000000	1	1	0	0	0	true	2	50	512	2	1000	true	16	0	0	0	0	1	2	8	1	0	0	14	0	16	F	0	0	3	0	0.13874299999999998	3.053729959712524E-4	494910	925.6254942156639
ycsb	workloadF	gh	result_ycsb_1458295124	2016/03/18:02:58:44	masstree	10000000	1	1	0	0	0	true	2	50	512	2	1000	true	16	0	0	0	0	1	2	8	1	0	0	14	0	16	F	0	0	3	0	0.061462266666666675	1.8343155550556135E-4	223337	660.8145646741589
ycsb	workloadF	gh	result_ycsb_1458295346	2016/03/18:03:02:26	hash	10000000	1	1	0	0	0	true	2	50	512	2	1000	true	16	0	0	0	0	1	1	9	1	0	0	14	0	16	F	0	0	3	0	0.22175566666666668	6.80708617702205E-4	445934	2156.1715042041515
ycsb	workloadF	gh	result_ycsb_1458295346	2016/03/18:03:02:26	masstree	10000000	1	1	0	0	0	true	2	50	512	2	1000	true	16	0	0	0	0	1	1	9	1	0	0	14	0	16	F	0	0	3	0	0.06935663333333335	3.3427490017715587E-4	143073	658.4599878179774
ycsb	workloadF	gh	result_ycsb_1458295567	2016/03/18:03:06:07	hash	10000000	1	1	0	0	0	true	2	50	512	2	1000	true	16	0	0	0	0	1	0	10	1	0	0	14	0	16	F	0	0	3	0	114.56033333333335	0.9190815463748394	0	0.0
ycsb	workloadF	gh	result_ycsb_1458295567	2016/03/18:03:06:07	masstree	10000000	1	1	0	0	0	true	2	50	512	2	1000	true	16	0	0	0	0	1	0	10	1	0	0	14	0	16	F	0	0	3	0	123.07400000000001	0.11051093459341073	0	0.0
ycsb	workloadF	gh	result_ycsb_1458295790	2016/03/18:03:09:50	hash	10000000	0	1	0	0	0	true	5	50	512	2	1000	true	16	0	0	0	0	1	10	0	1	0	0	14	0	16	F	0	0	3	0	0.0026944900000000003	4.316500666048311E-5	1649908	26886.68667244382
ycsb	workloadF	gh	result_ycsb_1458295790	2016/03/18:03:09:50	masstree	10000000	0	1	0	0	0	true	5	50	512	2	1000	true	16	0	0	0	0	1	10	0	1	0	0	14	0	16	F	0	0	3	0	0.00104962	6.667568272390535E-6	633030	3913.1233049828625
ycsb	workloadF	gh	result_ycsb_1458296011	2016/03/18:03:13:31	hash	10000000	0	1	0	0	0	true	5	50	512	2	1000	true	16	0	0	0	0	1	9	1	1	0	0	14	0	16	F	0	0	3	0	0.00291026	3.809388489855802E-5	1623377	21903.242428660462
ycsb	workloadF	gh	result_ycsb_1458296011	2016/03/18:03:13:31	masstree	10000000	0	1	0	0	0	true	5	50	512	2	1000	true	16	0	0	0	0	1	9	1	1	0	0	14	0	16	F	0	0	3	0	0.00118588	9.45973924940824E-6	644653	10338.990956568246
ycsb	workloadF	gh	result_ycsb_1458296233	2016/03/18:03:17:13	hash	10000000	0	1	0	0	0	true	5	50	512	2	1000	true	16	0	0	0	0	1	8	2	1	0	0	14	0	16	F	0	0	3	0	0.0032457233333333334	1.2591355062868733E-6	1598937	1817.2875391637945
ycsb	workloadF	gh	result_ycsb_1458296233	2016/03/18:03:17:13	masstree	10000000	0	1	0	0	0	true	5	50	512	2	1000	true	16	0	0	0	0	1	8	2	1	0	0	14	0	16	F	0	0	3	0	0.0013980433333333332	7.139422634638029E-6	673682	3057.2122195788097
ycsb	workloadF	gh	result_ycsb_1458296454	2016/03/18:03:20:54	hash	10000000	0	1	0	0	0	true	5	50	512	2	1000	true	16	0	0	0	0	1	7	3	1	0	0	14	0	16	F	0	0	3	0	0.0037677599999999998	7.960783043697637E-6	1614968	6414.019956314449
ycsb	workloadF	gh	result_ycsb_1458296454	2016/03/18:03:20:54	masstree	10000000	0	1	0	0	0	true	5	50	512	2	1000	true	16	0	0	0	0	1	7	3	1	0	0	14	0	16	F	0	0	3	0	0.0016829366666666666	6.2403703593679E-6	692833	1897.2237611836933
ycsb	workloadF	gh	result_ycsb_1458296675	2016/03/18:03:24:35	hash	10000000	0	1	0	0	0	true	5	50	512	2	1000	true	16	0	0	0	0	1	6	4	1	0	0	14	0	16	F	0	0	3	0	0.004376603333333333	1.47311039038992E-5	1580920	9964.11928984032
ycsb	workloadF	gh	result_ycsb_1458296675	2016/03/18:03:24:35	masstree	10000000	0	1	0	0	0	true	5	50	512	2	1000	true	16	0	0	0	0	1	6	4	1	0	0	14	0	16	F	0	0	3	0	0.0020516366666666667	1.3677312926507841E-5	714453	11670.873398718539
ycsb	workloadF	gh	result_ycsb_1458296897	2016/03/18:03:28:17	hash	10000000	0	1	0	0	0	true	5	50	512	2	1000	true	16	0	0	0	0	1	5	5	1	0	0	14	0	16	F	0	0	3	0	0.005574503333333334	5.9914796354683466E-5	1624710	13849.046320956544
ycsb	workloadF	gh	result_ycsb_1458296897	2016/03/18:03:28:17	masstree	10000000	0	1	0	0	0	true	5	50	512	2	1000	true	16	0	0	0	0	1	5	5	1	0	0	14	0	16	F	0	0	3	0	0.0026228566666666665	3.0118488600092533E-5	735649	6209.195376393708
ycsb	workloadF	gh	result_ycsb_1458297118	2016/03/18:03:31:58	hash	10000000	0	1	0	0	0	true	5	50	512	2	1000	true	16	0	0	0	0	1	4	6	1	0	0	14	0	16	F	0	0	3	0	0.0075790399999999996	4.3960928865027855E-5	1700335	16812.6819164037
ycsb	workloadF	gh	result_ycsb_1458297118	2016/03/18:03:31:58	masstree	10000000	0	1	0	0	0	true	5	50	512	2	1000	true	16	0	0	0	0	1	4	6	1	0	0	14	0	16	F	0	0	3	0	0.0036672533333333333	6.663999485036553E-7	763766	2631.4604310154464
ycsb	workloadF	gh	result_ycsb_1458297340	2016/03/18:03:35:40	hash	10000000	0	1	0	0	0	true	5	50	512	2	1000	true	16	0	0	0	0	1	3	7	1	0	0	14	0	16	F	0	0	3	0	0.011554333333333333	6.334005227508151E-5	1808738	2918.0152310554986
ycsb	workloadF	gh	result_ycsb_1458297340	2016/03/18:03:35:40	masstree	10000000	0	1	0	0	0	true	5	50	512	2	1000	true	16	0	0	0	0	1	3	7	1	0	0	14	0	16	F	0	0	3	0	0.005722386666666667	9.937918404931725E-6	784508	9195.645539542942
ycsb	workloadF	gh	result_ycsb_1458297562	2016/03/18:03:39:22	hash	10000000	0	1	0	0	0	true	5	50	512	2	1000	true	16	0	0	0	0	1	2	8	1	0	0	14	0	16	F	0	0	3	0	0.02463493333333333	6.944185017376795E-4	2327536	23028.270495197852
ycsb	workloadF	gh	result_ycsb_1458297562	2016/03/18:03:39:22	masstree	10000000	0	1	0	0	0	true	5	50	512	2	1000	true	16	0	0	0	0	1	2	8	1	0	0	14	0	16	F	0	0	3	0	0.014043833333333334	3.2805904278884973E-4	674830	21272.86584412709
ycsb	workloadF	gh	result_ycsb_1458297784	2016/03/18:03:43:04	hash	10000000	0	1	0	0	0	true	5	50	512	2	1000	true	16	0	0	0	0	1	1	9	1	0	0	14	0	16	F	0	0	3	0	0.21111899999999997	4.5568629561056105E-4	904127	1875.1718736003886
ycsb	workloadF	gh	result_ycsb_1458297784	2016/03/18:03:43:04	masstree	10000000	0	1	0	0	0	true	5	50	512	2	1000	true	16	0	0	0	0	1	1	9	1	0	0	14	0	16	F	0	0	3	0	0.04992966666666667	5.887299852698671E-4	218026	2678.9259456396653
ycsb	workloadF	gh	result_ycsb_1458298007	2016/03/18:03:46:47	hash	10000000	0	1	0	0	0	true	5	50	512	2	1000	true	16	0	0	0	0	1	0	10	1	0	0	14	0	16	F	0	0	3	0	115.17999999999999	0.24678870855545057	0	0.0
ycsb	workloadF	gh	result_ycsb_1458298007	2016/03/18:03:46:47	masstree	10000000	0	1	0	0	0	true	5	50	512	2	1000	true	16	0	0	0	0	1	0	10	1	0	0	14	0	16	F	0	0	3	0	123.28233333333333	0.30101421155541913	0	0.0
ycsb	workloadF	gh	result_ycsb_1458298230	2016/03/18:03:50:30	hash	10000000	1	1	0	0	0	true	5	50	512	2	1000	true	16	0	0	0	0	1	10	0	1	0	0	14	0	16	F	0	0	3	0	0.055000766666666666	1.3923125447595498E-4	510083	1382.3089379729845
ycsb	workloadF	gh	result_ycsb_1458298230	2016/03/18:03:50:30	masstree	10000000	1	1	0	0	0	true	5	50	512	2	1000	true	16	0	0	0	0	1	10	0	1	0	0	14	0	16	F	0	0	3	0	0.031219766666666666	1.3463734829402915E-4	292057	1302.747865091323
ycsb	workloadF	gh	result_ycsb_1458298450	2016/03/18:03:54:10	hash	10000000	1	1	0	0	0	true	5	50	512	2	1000	true	16	0	0	0	0	1	9	1	1	0	0	14	0	16	F	0	0	3	0	0.05597763333333333	1.4119826092652183E-4	503691	1198.5991360273451
ycsb	workloadF	gh	result_ycsb_1458298450	2016/03/18:03:54:10	masstree	10000000	1	1	0	0	0	true	5	50	512	2	1000	true	16	0	0	0	0	1	9	1	1	0	0	14	0	16	F	0	0	3	0	0.03232733333333334	1.8642305535320103E-5	293533	319.32776614163055
ycsb	workloadF	gh	result_ycsb_1458298673	2016/03/18:03:57:53	hash	10000000	1	1	0	0	0	true	5	50	512	2	1000	true	16	0	0	0	0	1	8	2	1	0	0	14	0	16	F	0	0	3	0	0.05772723333333333	8.07982270157506E-4	498093	6824.000846683856
ycsb	workloadF	gh	result_ycsb_1458298673	2016/03/18:03:57:53	masstree	10000000	1	1	0	0	0	true	5	50	512	2	1000	true	16	0	0	0	0	1	8	2	1	0	0	14	0	16	F	0	0	3	0	0.0337531	1.4470666881766635E-4	294813	1374.5052039032996
ycsb	workloadF	gh	result_ycsb_1458298894	2016/03/18:04:01:34	hash	10000000	1	1	0	0	0	true	5	50	512	2	1000	true	16	0	0	0	0	1	7	3	1	0	0	14	0	16	F	0	0	3	0	0.06165866666666667	2.826389019388879E-4	502627	2426.4727944547417
ycsb	workloadF	gh	result_ycsb_1458298894	2016/03/18:04:01:34	masstree	10000000	1	1	0	0	0	true	5	50	512	2	1000	true	16	0	0	0	0	1	7	3	1	0	0	14	0	16	F	0	0	3	0	0.03570513333333333	1.4706081130727095E-4	295652	1414.168856805032
ycsb	workloadF	gh	result_ycsb_1458299115	2016/03/18:04:05:15	hash	10000000	1	1	0	0	0	true	5	50	512	2	1000	true	16	0	0	0	0	1	6	4	1	0	0	14	0	16	F	0	0	3	0	0.06640093333333334	5.195346206932202E-5	501344	662.1842643856769
ycsb	workloadF	gh	result_ycsb_1458299115	2016/03/18:04:05:15	masstree	10000000	1	1	0	0	0	true	5	50	512	2	1000	true	16	0	0	0	0	1	6	4	1	0	0	14	0	16	F	0	0	3	0	0.03811116666666667	1.80616450585145E-4	292269	1609.8850890669185
ycsb	workloadF	gh	result_ycsb_1458299336	2016/03/18:04:08:56	hash	10000000	1	1	0	0	0	true	5	50	512	2	1000	true	16	0	0	0	0	1	5	5	1	0	0	14	0	16	F	0	0	3	0	0.07351506666666667	2.4633897141012934E-5	499855	271.23093892291104
ycsb	workloadF	gh	result_ycsb_1458299336	2016/03/18:04:08:56	masstree	10000000	1	1	0	0	0	true	5	50	512	2	1000	true	16	0	0	0	0	1	5	5	1	0	0	14	0	16	F	0	0	3	0	0.0411847	1.328974291207085E-4	285183	944.707362096856
ycsb	workloadF	gh	result_ycsb_1458299556	2016/03/18:04:12:36	hash	10000000	1	1	0	0	0	true	5	50	512	2	1000	true	16	0	0	0	0	1	4	6	1	0	0	14	0	16	F	0	0	3	0	0.08490596666666668	3.3560407559188955E-4	502012	2205.35172302039
ycsb	workloadF	gh	result_ycsb_1458299556	2016/03/18:04:12:36	masstree	10000000	1	1	0	0	0	true	5	50	512	2	1000	true	16	0	0	0	0	1	4	6	1	0	0	14	0	16	F	0	0	3	0	0.04591526666666667	2.2730458762521805E-4	276515	1331.4510880989958
ycsb	workloadF	gh	result_ycsb_1458299777	2016/03/18:04:16:17	hash	10000000	1	1	0	0	0	true	5	50	512	2	1000	true	16	0	0	0	0	1	3	7	1	0	0	14	0	16	F	0	0	3	0	0.10381499999999999	3.864125601832293E-4	503408	1853.8758198816856
ycsb	workloadF	gh	result_ycsb_1458299777	2016/03/18:04:16:17	masstree	10000000	1	1	0	0	0	true	5	50	512	2	1000	true	16	0	0	0	0	1	3	7	1	0	0	14	0	16	F	0	0	3	0	0.052339133333333336	2.3483577713296805E-4	258449	1090.8244588383595
ycsb	workloadF	gh	result_ycsb_1458299998	2016/03/18:04:19:58	hash	10000000	1	1	0	0	0	true	5	50	512	2	1000	true	16	0	0	0	0	1	2	8	1	0	0	14	0	16	F	0	0	3	0	0.138188	5.750982524792023E-4	492634	3141.617736135318
ycsb	workloadF	gh	result_ycsb_1458299998	2016/03/18:04:19:58	masstree	10000000	1	1	0	0	0	true	5	50	512	2	1000	true	16	0	0	0	0	1	2	8	1	0	0	14	0	16	F	0	0	3	0	0.06168753333333333	2.8125080543210917E-4	224646	1055.5105662935123
ycsb	workloadF	gh	result_ycsb_1458300220	2016/03/18:04:23:40	hash	10000000	1	1	0	0	0	true	5	50	512	2	1000	true	16	0	0	0	0	1	1	9	1	0	0	14	0	16	F	0	0	3	0	0.221692	8.351890005693606E-4	446027	2633.2403781055573
ycsb	workloadF	gh	result_ycsb_1458300220	2016/03/18:04:23:40	masstree	10000000	1	1	0	0	0	true	5	50	512	2	1000	true	16	0	0	0	0	1	1	9	1	0	0	14	0	16	F	0	0	3	0	0.06997103333333334	3.943797352230457E-4	144639	1253.1009536346223
ycsb	workloadF	gh	result_ycsb_1458300441	2016/03/18:04:27:21	hash	10000000	1	1	0	0	0	true	5	50	512	2	1000	true	16	0	0	0	0	1	0	10	1	0	0	14	0	16	F	0	0	3	0	115.15066666666667	0.253574884841343	0	0.0
ycsb	workloadF	gh	result_ycsb_1458300441	2016/03/18:04:27:21	masstree	10000000	1	1	0	0	0	true	5	50	512	2	1000	true	16	0	0	0	0	1	0	10	1	0	0	14	0	16	F	0	0	3	0	123.116	0.25759011368202134	0	0.0
ycsb	workloadF	gh	result_ycsb_1458300664	2016/03/18:04:31:04	hash	10000000	0	1	0	0	0	true	10	50	512	2	1000	true	16	0	0	0	0	1	10	0	1	0	0	14	0	16	F	0	0	3	0	0.0026916333333333337	1.3488044912207285E-5	1652233	5459.990496527257
ycsb	workloadF	gh	result_ycsb_1458300664	2016/03/18:04:31:04	masstree	10000000	0	1	0	0	0	true	10	50	512	2	1000	true	16	0	0	0	0	1	10	0	1	0	0	14	0	16	F	0	0	3	0	0.00102532	9.026505414599688E-6	623989	3633.9939460598994
ycsb	workloadF	gh	result_ycsb_1458300886	2016/03/18:04:34:46	hash	10000000	0	1	0	0	0	true	10	50	512	2	1000	true	16	0	0	0	0	1	9	1	1	0	0	14	0	16	F	0	0	3	0	0.002921526666666667	1.4867712967690672E-5	1639608	10710.586533363701
ycsb	workloadF	gh	result_ycsb_1458300886	2016/03/18:04:34:46	masstree	10000000	0	1	0	0	0	true	10	50	512	2	1000	true	16	0	0	0	0	1	9	1	1	0	0	14	0	16	F	0	0	3	0	0.00119318	1.5297058541529362E-6	654229	601.3203989796154
ycsb	workloadF	gh	result_ycsb_1458301107	2016/03/18:04:38:27	hash	10000000	0	1	0	0	0	true	10	50	512	2	1000	true	16	0	0	0	0	1	8	2	1	0	0	14	0	16	F	0	0	3	0	0.0032020266666666665	3.378172517139248E-5	1575297	15757.418951084597
ycsb	workloadF	gh	result_ycsb_1458301107	2016/03/18:04:38:27	masstree	10000000	0	1	0	0	0	true	10	50	512	2	1000	true	16	0	0	0	0	1	8	2	1	0	0	14	0	16	F	0	0	3	0	0.0013849833333333334	1.4658104318841586E-5	671664	6436.739823508637
ycsb	workloadF	gh	result_ycsb_1458301328	2016/03/18:04:42:08	hash	10000000	0	1	0	0	0	true	10	50	512	2	1000	true	16	0	0	0	0	1	7	3	1	0	0	14	0	16	F	0	0	3	0	0.0037428199999999996	3.141016502135802E-5	1599567	10223.004842021743
ycsb	workloadF	gh	result_ycsb_1458301328	2016/03/18:04:42:08	masstree	10000000	0	1	0	0	0	true	10	50	512	2	1000	true	16	0	0	0	0	1	7	3	1	0	0	14	0	16	F	0	0	3	0	0.0016638766666666669	5.512291316250426E-6	694486	4205.5808424317565
ycsb	workloadF	gh	result_ycsb_1458301549	2016/03/18:04:45:50	hash	10000000	0	1	0	0	0	true	10	50	512	2	1000	true	16	0	0	0	0	1	6	4	1	0	0	14	0	16	F	0	0	3	0	0.004477523333333334	3.937543255490435E-5	1622536	16729.8355407986
ycsb	workloadF	gh	result_ycsb_1458301549	2016/03/18:04:45:50	masstree	10000000	0	1	0	0	0	true	10	50	512	2	1000	true	16	0	0	0	0	1	6	4	1	0	0	14	0	16	F	0	0	3	0	0.0020853666666666667	1.5982741386317034E-5	717784	5187.645826598902
ycsb	workloadF	gh	result_ycsb_1458301771	2016/03/18:04:49:31	hash	10000000	0	1	0	0	0	true	10	50	512	2	1000	true	16	0	0	0	0	1	5	5	1	0	0	14	0	16	F	0	0	3	0	0.00558247	1.3169429246328274E-5	1636080	3847.5870215853306
ycsb	workloadF	gh	result_ycsb_1458301771	2016/03/18:04:49:31	masstree	10000000	0	1	0	0	0	true	10	50	512	2	1000	true	16	0	0	0	0	1	5	5	1	0	0	14	0	16	F	0	0	3	0	0.00271419	8.650229284073434E-6	750847	1924.7857023575377
ycsb	workloadF	gh	result_ycsb_1458301992	2016/03/18:04:53:12	hash	10000000	0	1	0	0	0	true	10	50	512	2	1000	true	16	0	0	0	0	1	4	6	1	0	0	14	0	16	F	0	0	3	0	0.007563696666666667	7.133724288014811E-6	1688490	8747.26053622915
ycsb	workloadF	gh	result_ycsb_1458301992	2016/03/18:04:53:12	masstree	10000000	0	1	0	0	0	true	10	50	512	2	1000	true	16	0	0	0	0	1	4	6	1	0	0	14	0	16	F	0	0	3	0	0.0037171433333333336	1.7941572456782173E-5	764076	1793.6529455042344
ycsb	workloadF	gh	result_ycsb_1458302213	2016/03/18:04:56:53	hash	10000000	0	1	0	0	0	true	10	50	512	2	1000	true	16	0	0	0	0	1	3	7	1	0	0	14	0	16	F	0	0	3	0	0.011603333333333334	1.387227771091955E-4	1806071	29470.216652676037
ycsb	workloadF	gh	result_ycsb_1458302213	2016/03/18:04:56:53	masstree	10000000	0	1	0	0	0	true	10	50	512	2	1000	true	16	0	0	0	0	1	3	7	1	0	0	14	0	16	F	0	0	3	0	0.005784883333333333	6.072658414751724E-5	794712	1346.0802353500328
ycsb	workloadF	gh	result_ycsb_1458302437	2016/03/18:05:00:37	hash	10000000	0	1	0	0	0	true	10	50	512	2	1000	true	16	0	0	0	0	1	2	8	1	0	0	14	0	16	F	0	0	3	0	0.023982533333333333	6.884786771438284E-5	2356322	3361.038017586838
ycsb	workloadF	gh	result_ycsb_1458302437	2016/03/18:05:00:37	masstree	10000000	0	1	0	0	0	true	10	50	512	2	1000	true	16	0	0	0	0	1	2	8	1	0	0	14	0	16	F	0	0	3	0	0.013090633333333332	0.0013282261663169022	688694	14433.881459953867
ycsb	workloadF	gh	result_ycsb_1458302657	2016/03/18:05:04:17	hash	10000000	0	1	0	0	0	true	10	50	512	2	1000	true	16	0	0	0	0	1	1	9	1	0	0	14	0	16	F	0	0	3	0	0.21145366666666665	8.768452289654651E-4	916764	4406.223956580282
ycsb	workloadF	gh	result_ycsb_1458302657	2016/03/18:05:04:17	masstree	10000000	0	1	0	0	0	true	10	50	512	2	1000	true	16	0	0	0	0	1	1	9	1	0	0	14	0	16	F	0	0	3	0	0.0504355	7.080894058424706E-4	222301	3780.6994355834972
ycsb	workloadF	gh	result_ycsb_1458302879	2016/03/18:05:07:59	hash	10000000	0	1	0	0	0	true	10	50	512	2	1000	true	16	0	0	0	0	1	0	10	1	0	0	14	0	16	F	0	0	3	0	114.986	0.42661223610932963	0	0.0
ycsb	workloadF	gh	result_ycsb_1458302879	2016/03/18:05:07:59	masstree	10000000	0	1	0	0	0	true	10	50	512	2	1000	true	16	0	0	0	0	1	0	10	1	0	0	14	0	16	F	0	0	3	0	120.05400000000002	2.991190509924951	0	0.0
ycsb	workloadF	gh	result_ycsb_1458303100	2016/03/18:05:11:40	hash	10000000	1	1	0	0	0	true	10	50	512	2	1000	true	16	0	0	0	0	1	10	0	1	0	0	14	0	16	F	0	0	3	0	0.05448166666666667	8.967817770064594E-5	504792	711.319899904396
ycsb	workloadF	gh	result_ycsb_1458303100	2016/03/18:05:11:40	masstree	10000000	1	1	0	0	0	true	10	50	512	2	1000	true	16	0	0	0	0	1	10	0	1	0	0	14	0	16	F	0	0	3	0	0.0312463	1.308387557258327E-4	292166	1230.0495924961724
ycsb	workloadF	gh	result_ycsb_1458303321	2016/03/18:05:15:21	hash	10000000	1	1	0	0	0	true	10	50	512	2	1000	true	16	0	0	0	0	1	9	1	1	0	0	14	0	16	F	0	0	3	0	0.055646	2.171124593388988E-4	500475	1983.9210053684074
ycsb	workloadF	gh	result_ycsb_1458303321	2016/03/18:05:15:21	masstree	10000000	1	1	0	0	0	true	10	50	512	2	1000	true	16	0	0	0	0	1	9	1	1	0	0	14	0	16	F	0	0	3	0	0.032251466666666666	8.38362424931495E-5	292777	772.9102290880901
ycsb	workloadF	gh	result_ycsb_1458303543	2016/03/18:05:19:03	hash	10000000	1	1	0	0	0	true	10	50	512	2	1000	true	16	0	0	0	0	1	8	2	1	0	0	14	0	16	F	0	0	3	0	0.05780743333333333	2.9944965445868313E-4	498731	2270.6480474838
ycsb	workloadF	gh	result_ycsb_1458303543	2016/03/18:05:19:03	masstree	10000000	1	1	0	0	0	true	10	50	512	2	1000	true	16	0	0	0	0	1	8	2	1	0	0	14	0	16	F	0	0	3	0	0.03351906666666667	7.129611178225553E-5	292404	526.2489904978441
ycsb	workloadF	gh	result_ycsb_1458303765	2016/03/18:05:22:45	hash	10000000	1	1	0	0	0	true	10	50	512	2	1000	true	16	0	0	0	0	1	7	3	1	0	0	14	0	16	F	0	0	3	0	0.061388033333333335	2.810938672798036E-4	500070	2202.553946872925
ycsb	workloadF	gh	result_ycsb_1458303765	2016/03/18:05:22:45	masstree	10000000	1	1	0	0	0	true	10	50	512	2	1000	true	16	0	0	0	0	1	7	3	1	0	0	14	0	16	F	0	0	3	0	0.035327033333333334	1.1863134305870663E-4	291661	894.1237175184449
ycsb	workloadF	gh	result_ycsb_1458303987	2016/03/18:05:26:27	hash	10000000	1	1	0	0	0	true	10	50	512	2	1000	true	16	0	0	0	0	1	6	4	1	0	0	14	0	16	F	0	0	3	0	0.06617	5.453555414067922E-5	499551	482.1140943801581
ycsb	workloadF	gh	result_ycsb_1458303987	2016/03/18:05:26:27	masstree	10000000	1	1	0	0	0	true	10	50	512	2	1000	true	16	0	0	0	0	1	6	4	1	0	0	14	0	16	F	0	0	3	0	0.03795263333333333	6.1103427800032E-5	290696	408.2763225528159
ycsb	workloadF	gh	result_ycsb_1458304209	2016/03/18:05:30:09	hash	10000000	1	1	0	0	0	true	10	50	512	2	1000	true	16	0	0	0	0	1	5	5	1	0	0	14	0	16	F	0	0	3	0	0.07344916666666668	1.0855985547377534E-4	500951	782.334043450745
ycsb	workloadF	gh	result_ycsb_1458304209	2016/03/18:05:30:09	masstree	10000000	1	1	0	0	0	true	10	50	512	2	1000	true	16	0	0	0	0	1	5	5	1	0	0	14	0	16	F	0	0	3	0	0.041592	4.236350630903711E-5	287865	576.4172871154178
ycsb	workloadF	gh	result_ycsb_1458304431	2016/03/18:05:33:51	hash	10000000	1	1	0	0	0	true	10	50	512	2	1000	true	16	0	0	0	0	1	4	6	1	0	0	14	0	16	F	0	0	3	0	0.08483686666666668	1.7784173362533353E-4	503442	1408.8188512161498
ycsb	workloadF	gh	result_ycsb_1458304431	2016/03/18:05:33:51	masstree	10000000	1	1	0	0	0	true	10	50	512	2	1000	true	16	0	0	0	0	1	4	6	1	0	0	14	0	16	F	0	0	3	0	0.04606743333333333	1.619358171888817E-4	277271	1380.3190049974864
ycsb	workloadF	gh	result_ycsb_1458304652	2016/03/18:05:37:32	hash	10000000	1	1	0	0	0	true	10	50	512	2	1000	true	16	0	0	0	0	1	3	7	1	0	0	14	0	16	F	0	0	3	0	0.10358733333333332	1.9109218252740608E-4	504970	1191.2196364352815
ycsb	workloadF	gh	result_ycsb_1458304652	2016/03/18:05:37:32	masstree	10000000	1	1	0	0	0	true	10	50	512	2	1000	true	16	0	0	0	0	1	3	7	1	0	0	14	0	16	F	0	0	3	0	0.05252953333333333	2.0428909798501815E-4	258475	1204.7942655164718
ycsb	workloadF	gh	result_ycsb_1458304874	2016/03/18:05:41:14	hash	10000000	1	1	0	0	0	true	10	50	512	2	1000	true	16	0	0	0	0	1	2	8	1	0	0	14	0	16	F	0	0	3	0	0.138142	0.001164270587106792	497691	4472.650544015874
ycsb	workloadF	gh	result_ycsb_1458304874	2016/03/18:05:41:14	masstree	10000000	1	1	0	0	0	true	10	50	512	2	1000	true	16	0	0	0	0	1	2	8	1	0	0	14	0	16	F	0	0	3	0	0.06168403333333333	1.7987058928562257E-4	224432	597.9745442385076
ycsb	workloadF	gh	result_ycsb_1458305097	2016/03/18:05:44:57	hash	10000000	1	1	0	0	0	true	10	50	512	2	1000	true	16	0	0	0	0	1	1	9	1	0	0	14	0	16	F	0	0	3	0	0.22213033333333332	3.9959674117770916E-4	457772	1639.148423890281
ycsb	workloadF	gh	result_ycsb_1458305097	2016/03/18:05:44:57	masstree	10000000	1	1	0	0	0	true	10	50	512	2	1000	true	16	0	0	0	0	1	1	9	1	0	0	14	0	16	F	0	0	3	0	0.06998330000000001	7.149853471691781E-4	145173	1592.9756920798418
ycsb	workloadF	gh	result_ycsb_1458305318	2016/03/18:05:48:38	hash	10000000	1	1	0	0	0	true	10	50	512	2	1000	true	16	0	0	0	0	1	0	10	1	0	0	14	0	16	F	0	0	3	0	114.69433333333335	0.9833955912492385	0	0.0
ycsb	workloadF	gh	result_ycsb_1458305318	2016/03/18:05:48:38	masstree	10000000	1	1	0	0	0	true	10	50	512	2	1000	true	16	0	0	0	0	1	0	10	1	0	0	14	0	16	F	0	0	3	0	122.93033333333334	0.12900732106308033	0	0.0
ycsb	workloadF	gh	result_ycsb_1458305542	2016/03/18:05:52:22	hash	10000000	0	1	0	0	0	true	126	50	512	2	1000	true	16	0	0	0	0	1	10	0	1	0	0	14	0	16	F	0	0	3	0	0.005964816666666667	2.613281632141165E-5	3026178	11540.755867793063
ycsb	workloadF	gh	result_ycsb_1458305542	2016/03/18:05:52:22	masstree	10000000	0	1	0	0	0	true	126	50	512	2	1000	true	16	0	0	0	0	1	10	0	1	0	0	14	0	16	F	0	0	3	0	6.935823333333334E-4	6.369308352474091E-6	354106	3397.456434191468
ycsb	workloadF	gh	result_ycsb_1458305763	2016/03/18:05:56:03	hash	10000000	0	1	0	0	0	true	126	50	512	2	1000	true	16	0	0	0	0	1	9	1	1	0	0	14	0	16	F	0	0	3	0	0.006698743333333333	2.6937030686720935E-5	3096391	9831.123638730214
ycsb	workloadF	gh	result_ycsb_1458305763	2016/03/18:05:56:03	masstree	10000000	0	1	0	0	0	true	126	50	512	2	1000	true	16	0	0	0	0	1	9	1	1	0	0	14	0	16	F	0	0	3	0	7.841716666666666E-4	1.7220242377952836E-5	378710	9026.580446411697
ycsb	workloadF	gh	result_ycsb_1458305985	2016/03/18:05:59:45	hash	10000000	0	1	0	0	0	true	126	50	512	2	1000	true	16	0	0	0	0	1	8	2	1	0	0	14	0	16	F	0	0	3	0	0.00754741	3.9835113488928874E-5	3108688	14219.23149198494
ycsb	workloadF	gh	result_ycsb_1458305985	2016/03/18:05:59:45	masstree	10000000	0	1	0	0	0	true	126	50	512	2	1000	true	16	0	0	0	0	1	8	2	1	0	0	14	0	16	F	0	0	3	0	9.126123333333333E-4	6.5741214537727194E-6	407831	2821.5995463566405
ycsb	workloadF	gh	result_ycsb_1458306206	2016/03/18:06:03:26	hash	10000000	0	1	0	0	0	true	126	50	512	2	1000	true	16	0	0	0	0	1	7	3	1	0	0	14	0	16	F	0	0	3	0	0.008672399999999999	4.089026045414029E-5	3151227	17222.380194232373
ycsb	workloadF	gh	result_ycsb_1458306206	2016/03/18:06:03:26	masstree	10000000	0	1	0	0	0	true	126	50	512	2	1000	true	16	0	0	0	0	1	7	3	1	0	0	14	0	16	F	0	0	3	0	0.0010597233333333334	1.3198568944683806E-6	436687	2846.4892801886685
ycsb	workloadF	gh	result_ycsb_1458306428	2016/03/18:06:07:08	hash	10000000	0	1	0	0	0	true	126	50	512	2	1000	true	16	0	0	0	0	1	6	4	1	0	0	14	0	16	F	0	0	3	0	0.010201666666666666	7.690974508394644E-5	3206851	19966.744702129086
ycsb	workloadF	gh	result_ycsb_1458306428	2016/03/18:06:07:08	masstree	10000000	0	1	0	0	0	true	126	50	512	2	1000	true	16	0	0	0	0	1	6	4	1	0	0	14	0	16	F	0	0	3	0	0.0012800766666666667	7.166404646367396E-6	471436	1028.5228350547225
ycsb	workloadF	gh	result_ycsb_1458306648	2016/03/18:06:10:48	hash	10000000	0	1	0	0	0	true	126	50	512	2	1000	true	16	0	0	0	0	1	5	5	1	0	0	14	0	16	F	0	0	3	0	0.0123913	1.8553705830121784E-5	3269051	3010.5402429941873
ycsb	workloadF	gh	result_ycsb_1458306648	2016/03/18:06:10:48	masstree	10000000	0	1	0	0	0	true	126	50	512	2	1000	true	16	0	0	0	0	1	5	5	1	0	0	14	0	16	F	0	0	3	0	0.0016358033333333333	6.311013301262606E-6	530496	3905.027642529053
ycsb	workloadF	gh	result_ycsb_1458306870	2016/03/18:06:14:30	hash	10000000	0	1	0	0	0	true	126	50	512	2	1000	true	16	0	0	0	0	1	4	6	1	0	0	14	0	16	F	0	0	3	0	0.01557	4.3234939574237274E-5	3330986	16230.53355730142
ycsb	workloadF	gh	result_ycsb_1458306870	2016/03/18:06:14:30	masstree	10000000	0	1	0	0	0	true	126	50	512	2	1000	true	16	0	0	0	0	1	4	6	1	0	0	14	0	16	F	0	0	3	0	0.0021443966666666666	2.363276021870422E-5	584839	7149.513549885754
ycsb	workloadF	gh	result_ycsb_1458307091	2016/03/18:06:18:11	hash	10000000	0	1	0	0	0	true	126	50	512	2	1000	true	16	0	0	0	0	1	3	7	1	0	0	14	0	16	F	0	0	3	0	0.021442666666666665	3.122822797256444E-5	3496244	3703.7910308223386
ycsb	workloadF	gh	result_ycsb_1458307091	2016/03/18:06:18:11	masstree	10000000	0	1	0	0	0	true	126	50	512	2	1000	true	16	0	0	0	0	1	3	7	1	0	0	14	0	16	F	0	0	3	0	0.00324937	5.1476369335826225E-5	688598	13337.25522320526
ycsb	workloadF	gh	result_ycsb_1458307313	2016/03/18:06:21:53	hash	10000000	0	1	0	0	0	true	126	50	512	2	1000	true	16	0	0	0	0	1	2	8	1	0	0	14	0	16	F	0	0	3	0	0.03293666666666667	6.756943753373253E-5	3666207	16081.973103095026
ycsb	workloadF	gh	result_ycsb_1458307313	2016/03/18:06:21:53	masstree	10000000	0	1	0	0	0	true	126	50	512	2	1000	true	16	0	0	0	0	1	2	8	1	0	0	14	0	16	F	0	0	3	0	0.0066417633333333325	6.221355979403565E-5	994358	8249.860699159834
ycsb	workloadF	gh	result_ycsb_1458307534	2016/03/18:06:25:34	hash	10000000	0	1	0	0	0	true	126	50	512	2	1000	true	16	0	0	0	0	1	1	9	1	0	0	14	0	16	F	0	0	3	0	0.06310143333333333	1.468736494011219E-4	3657492	9319.472940497863
ycsb	workloadF	gh	result_ycsb_1458307534	2016/03/18:06:25:34	masstree	10000000	0	1	0	0	0	true	126	50	512	2	1000	true	16	0	0	0	0	1	1	9	1	0	0	14	0	16	F	0	0	3	0	0.00723576	3.036664302596954E-4	512801	27120.626791347244
ycsb	workloadF	gh	result_ycsb_1458307756	2016/03/18:06:29:16	hash	10000000	0	1	0	0	0	true	126	50	512	2	1000	true	16	0	0	0	0	1	0	10	1	0	0	14	0	16	F	0	0	3	0	115.156	0.22455734233814195	0	0.0
ycsb	workloadF	gh	result_ycsb_1458307756	2016/03/18:06:29:16	masstree	10000000	0	1	0	0	0	true	126	50	512	2	1000	true	16	0	0	0	0	1	0	10	1	0	0	14	0	16	F	0	0	3	0	123.214	0.13805312986286253	0	0.0
ycsb	workloadF	gh	result_ycsb_1458307976	2016/03/18:06:32:56	hash	10000000	1	1	0	0	0	true	126	50	512	2	1000	true	16	0	0	0	0	1	10	0	1	0	0	14	0	16	F	0	0	3	0	0.0643541	2.2478417797381224E-4	633652	2272.823354332668
ycsb	workloadF	gh	result_ycsb_1458307976	2016/03/18:06:32:56	masstree	10000000	1	1	0	0	0	true	126	50	512	2	1000	true	16	0	0	0	0	1	10	0	1	0	0	14	0	16	F	0	0	3	0	0.032488833333333335	1.9457783932246134E-4	320402	1913.1638426662516
ycsb	workloadF	gh	result_ycsb_1458308198	2016/03/18:06:36:38	hash	10000000	1	1	0	0	0	true	126	50	512	2	1000	true	16	0	0	0	0	1	9	1	1	0	0	14	0	16	F	0	0	3	0	0.0681233	2.1560854961672358E-4	667010	2229.7240985247463
ycsb	workloadF	gh	result_ycsb_1458308198	2016/03/18:06:36:38	masstree	10000000	1	1	0	0	0	true	126	50	512	2	1000	true	16	0	0	0	0	1	9	1	1	0	0	14	0	16	F	0	0	3	0	0.03382343333333333	1.0115830278466798E-4	331723	1168.8592729665963
ycsb	workloadF	gh	result_ycsb_1458308418	2016/03/18:06:40:18	hash	10000000	1	1	0	0	0	true	126	50	512	2	1000	true	16	0	0	0	0	1	8	2	1	0	0	14	0	16	F	0	0	3	0	0.0732084	1.2877735307492038E-4	711333	1303.9733722519
ycsb	workloadF	gh	result_ycsb_1458308418	2016/03/18:06:40:18	masstree	10000000	1	1	0	0	0	true	126	50	512	2	1000	true	16	0	0	0	0	1	8	2	1	0	0	14	0	16	F	0	0	3	0	0.035171499999999994	7.148710839773107E-5	342798	719.3468488048711
ycsb	workloadF	gh	result_ycsb_1458308642	2016/03/18:06:44:02	hash	10000000	1	1	0	0	0	true	126	50	512	2	1000	true	16	0	0	0	0	1	7	3	1	0	0	14	0	16	F	0	0	3	0	0.08065453333333333	2.659560907774962E-4	776158	2555.724206984777
ycsb	workloadF	gh	result_ycsb_1458308642	2016/03/18:06:44:02	masstree	10000000	1	1	0	0	0	true	126	50	512	2	1000	true	16	0	0	0	0	1	7	3	1	0	0	14	0	16	F	0	0	3	0	0.03689956666666667	1.0378954132852755E-4	357035	1053.561051332811
ycsb	workloadF	gh	result_ycsb_1458308863	2016/03/18:06:47:43	hash	10000000	1	1	0	0	0	true	126	50	512	2	1000	true	16	0	0	0	0	1	6	4	1	0	0	14	0	16	F	0	0	3	0	0.09113596666666667	1.6295284253259594E-4	865043	1953.1214902155964
ycsb	workloadF	gh	result_ycsb_1458308863	2016/03/18:06:47:43	masstree	10000000	1	1	0	0	0	true	126	50	512	2	1000	true	16	0	0	0	0	1	6	4	1	0	0	14	0	16	F	0	0	3	0	0.03846176666666667	1.7544249453556773E-4	368622	1974.5541268853583
ycsb	workloadF	gh	result_ycsb_1458309084	2016/03/18:06:51:24	hash	10000000	1	1	0	0	0	true	126	50	512	2	1000	true	16	0	0	0	0	1	5	5	1	0	0	14	0	16	F	0	0	3	0	0.10717433333333333	5.836142180870281E-4	997007	5013.801751166474
ycsb	workloadF	gh	result_ycsb_1458309084	2016/03/18:06:51:24	masstree	10000000	1	1	0	0	0	true	126	50	512	2	1000	true	16	0	0	0	0	1	5	5	1	0	0	14	0	16	F	0	0	3	0	0.040034066666666666	1.9274302984898382E-4	380093	1957.1622313952412
ycsb	workloadF	gh	result_ycsb_1458309306	2016/03/18:06:55:06	hash	10000000	1	1	0	0	0	true	126	50	512	2	1000	true	16	0	0	0	0	1	4	6	1	0	0	14	0	16	F	0	0	3	0	0.13218133333333335	4.73223226624222E-4	1193764	4642.916348823008
ycsb	workloadF	gh	result_ycsb_1458309306	2016/03/18:06:55:06	masstree	10000000	1	1	0	0	0	true	126	50	512	2	1000	true	16	0	0	0	0	1	4	6	1	0	0	14	0	16	F	0	0	3	0	0.0411811	2.2212092802596E-4	387117	1725.5022457244152
ycsb	workloadF	gh	result_ycsb_1458309527	2016/03/18:06:58:47	hash	10000000	1	1	0	0	0	true	126	50	512	2	1000	true	16	0	0	0	0	1	3	7	1	0	0	14	0	16	F	0	0	3	0	0.176821	2.1213360569518513E-4	1527484	1855.93405652463
ycsb	workloadF	gh	result_ycsb_1458309527	2016/03/18:06:58:47	masstree	10000000	1	1	0	0	0	true	126	50	512	2	1000	true	16	0	0	0	0	1	3	7	1	0	0	14	0	16	F	0	0	3	0	0.04017713333333333	3.189094368138551E-4	373682	2681.011666431534
ycsb	workloadF	gh	result_ycsb_1458309749	2016/03/18:07:02:29	hash	10000000	1	1	0	0	0	true	126	50	512	2	1000	true	16	0	0	0	0	1	2	8	1	0	0	14	0	16	F	0	0	3	0	0.26643466666666665	3.3463446059830813E-4	2152357	2909.466312342566
ycsb	workloadF	gh	result_ycsb_1458309749	2016/03/18:07:02:29	masstree	10000000	1	1	0	0	0	true	126	50	512	2	1000	true	16	0	0	0	0	1	2	8	1	0	0	14	0	16	F	0	0	3	0	0.037159733333333334	4.0528460233405075E-4	339254	3722.787605485606
ycsb	workloadF	gh	result_ycsb_1458309971	2016/03/18:07:06:11	hash	10000000	1	1	0	0	0	true	126	50	512	2	1000	true	16	0	0	0	0	1	1	9	1	0	0	14	0	16	F	0	0	3	0	0.495284	0.0017295041678777004	3549349	13521.913223455334
ycsb	workloadF	gh	result_ycsb_1458309971	2016/03/18:07:06:11	masstree	10000000	1	1	0	0	0	true	126	50	512	2	1000	true	16	0	0	0	0	1	1	9	1	0	0	14	0	16	F	0	0	3	0	0.03278196666666667	1.1389575155296841E-4	286083	710.025977613142
ycsb	workloadF	gh	result_ycsb_1458310194	2016/03/18:07:09:54	hash	10000000	1	1	0	0	0	true	126	50	512	2	1000	true	16	0	0	0	0	1	0	10	1	0	0	14	0	16	F	0	0	3	0	115.24900000000001	0.006164414013629592	0	0.0
ycsb	workloadF	gh	result_ycsb_1458310194	2016/03/18:07:09:54	masstree	10000000	1	1	0	0	0	true	126	50	512	2	1000	true	16	0	0	0	0	1	0	10	1	0	0	14	0	16	F	0	0	3	0	123.03566666666667	0.18432278450895206	0	0.0
ycsb	workloadF	gh	result_ycsb_1458310417	2016/03/18:07:13:37	hash	10000000	0	1	0	0	0	true	256	50	512	2	1000	true	16	0	0	0	0	1	10	0	1	0	0	14	0	16	F	0	0	3	0	0.005932349999999999	2.1250802337944234E-5	3007347	13951.347605159868
ycsb	workloadF	gh	result_ycsb_1458310417	2016/03/18:07:13:37	masstree	10000000	0	1	0	0	0	true	256	50	512	2	1000	true	16	0	0	0	0	1	10	0	1	0	0	14	0	16	F	0	0	3	0	6.917216666666668E-4	1.0089162579493555E-5	356255	6647.006460722413
ycsb	workloadF	gh	result_ycsb_1458310638	2016/03/18:07:17:18	hash	10000000	0	1	0	0	0	true	256	50	512	2	1000	true	16	0	0	0	0	1	9	1	1	0	0	14	0	16	F	0	0	3	0	0.006681016666666667	1.8981658398514094E-5	3087637	2905.2853943556474
ycsb	workloadF	gh	result_ycsb_1458310638	2016/03/18:07:17:18	masstree	10000000	0	1	0	0	0	true	256	50	512	2	1000	true	16	0	0	0	0	1	9	1	1	0	0	14	0	16	F	0	0	3	0	7.92115E-4	4.704961707238836E-6	382706	2872.975113014382
ycsb	workloadF	gh	result_ycsb_1458310860	2016/03/18:07:21:00	hash	10000000	0	1	0	0	0	true	256	50	512	2	1000	true	16	0	0	0	0	1	8	2	1	0	0	14	0	16	F	0	0	3	0	0.007557336666666667	2.750132279648706E-5	3118598	17082.387655125967
ycsb	workloadF	gh	result_ycsb_1458310860	2016/03/18:07:21:00	masstree	10000000	0	1	0	0	0	true	256	50	512	2	1000	true	16	0	0	0	0	1	8	2	1	0	0	14	0	16	F	0	0	3	0	9.041263333333334E-4	8.903874262866372E-6	403664	7538.820597414426
ycsb	workloadF	gh	result_ycsb_1458311080	2016/03/18:07:24:40	hash	10000000	0	1	0	0	0	true	256	50	512	2	1000	true	16	0	0	0	0	1	7	3	1	0	0	14	0	16	F	0	0	3	0	0.008694833333333334	8.406764908222293E-5	3169856	23135.010092930585
ycsb	workloadF	gh	result_ycsb_1458311080	2016/03/18:07:24:40	masstree	10000000	0	1	0	0	0	true	256	50	512	2	1000	true	16	0	0	0	0	1	7	3	1	0	0	14	0	16	F	0	0	3	0	0.0010677633333333334	8.319312204477546E-6	441254	4889.976687060993
ycsb	workloadF	gh	result_ycsb_1458311300	2016/03/18:07:28:20	hash	10000000	0	1	0	0	0	true	256	50	512	2	1000	true	16	0	0	0	0	1	6	4	1	0	0	14	0	16	F	0	0	3	0	0.010211366666666668	6.0418006881576584E-5	3209418	21002.857580688575
ycsb	workloadF	gh	result_ycsb_1458311300	2016/03/18:07:28:20	masstree	10000000	0	1	0	0	0	true	256	50	512	2	1000	true	16	0	0	0	0	1	6	4	1	0	0	14	0	16	F	0	0	3	0	0.00127852	1.0471255894108078E-5	471777	1974.3112441774467
ycsb	workloadF	gh	result_ycsb_1458311522	2016/03/18:07:32:02	hash	10000000	0	1	0	0	0	true	256	50	512	2	1000	true	16	0	0	0	0	1	5	5	1	0	0	14	0	16	F	0	0	3	0	0.0122667	3.6063924725536714E-5	3236430	4855.3282072379
ycsb	workloadF	gh	result_ycsb_1458311522	2016/03/18:07:32:02	masstree	10000000	0	1	0	0	0	true	256	50	512	2	1000	true	16	0	0	0	0	1	5	5	1	0	0	14	0	16	F	0	0	3	0	0.00160315	1.760157000573157E-5	521967	4784.250783094673
ycsb	workloadF	gh	result_ycsb_1458311744	2016/03/18:07:35:44	hash	10000000	0	1	0	0	0	true	256	50	512	2	1000	true	16	0	0	0	0	1	4	6	1	0	0	14	0	16	F	0	0	3	0	0.015540766666666666	7.193396663303097E-5	3331998	19172.87583772116
ycsb	workloadF	gh	result_ycsb_1458311744	2016/03/18:07:35:44	masstree	10000000	0	1	0	0	0	true	256	50	512	2	1000	true	16	0	0	0	0	1	4	6	1	0	0	14	0	16	F	0	0	3	0	0.00212653	1.4346444391096502E-5	578829	5988.62685058453
ycsb	workloadF	gh	result_ycsb_1458311966	2016/03/18:07:39:26	hash	10000000	0	1	0	0	0	true	256	50	512	2	1000	true	16	0	0	0	0	1	3	7	1	0	0	14	0	16	F	0	0	3	0	0.0214104	5.560581504304573E-5	3494155	6112.699730888145
ycsb	workloadF	gh	result_ycsb_1458311966	2016/03/18:07:39:26	masstree	10000000	0	1	0	0	0	true	256	50	512	2	1000	true	16	0	0	0	0	1	3	7	1	0	0	14	0	16	F	0	0	3	0	0.0032628566666666665	2.1278001681432976E-5	696111	9849.613996950135
ycsb	workloadF	gh	result_ycsb_1458312187	2016/03/18:07:43:07	hash	10000000	0	1	0	0	0	true	256	50	512	2	1000	true	16	0	0	0	0	1	2	8	1	0	0	14	0	16	F	0	0	3	0	0.03281643333333333	1.438703660320703E-4	3648962	12416.344264262001
ycsb	workloadF	gh	result_ycsb_1458312187	2016/03/18:07:43:07	masstree	10000000	0	1	0	0	0	true	256	50	512	2	1000	true	16	0	0	0	0	1	2	8	1	0	0	14	0	16	F	0	0	3	0	0.006752586666666667	9.466649964775178E-5	1011938	9506.103174042557
ycsb	workloadF	gh	result_ycsb_1458312409	2016/03/18:07:46:49	hash	10000000	0	1	0	0	0	true	256	50	512	2	1000	true	16	0	0	0	0	1	1	9	1	0	0	14	0	16	F	0	0	3	0	0.06284066666666667	3.9723303264265625E-4	3647798	31359.332755794916
ycsb	workloadF	gh	result_ycsb_1458312409	2016/03/18:07:46:49	masstree	10000000	0	1	0	0	0	true	256	50	512	2	1000	true	16	0	0	0	0	1	1	9	1	0	0	14	0	16	F	0	0	3	0	0.006529636666666667	1.8122852504196639E-4	433890	36442.61921005247
ycsb	workloadF	gh	result_ycsb_1458312631	2016/03/18:07:50:31	hash	10000000	0	1	0	0	0	true	256	50	512	2	1000	true	16	0	0	0	0	1	0	10	1	0	0	14	0	16	F	0	0	3	0	114.66199999999999	0.7789240442232842	0	0.0
ycsb	workloadF	gh	result_ycsb_1458312631	2016/03/18:07:50:31	masstree	10000000	0	1	0	0	0	true	256	50	512	2	1000	true	16	0	0	0	0	1	0	10	1	0	0	14	0	16	F	0	0	3	0	122.42833333333333	1.0661461229860723	0	0.0
ycsb	workloadF	gh	result_ycsb_1458312852	2016/03/18:07:54:12	hash	10000000	1	1	0	0	0	true	256	50	512	2	1000	true	16	0	0	0	0	1	10	0	1	0	0	14	0	16	F	0	0	3	0	0.0645252	2.270610930997035E-4	635267	2178.572213381052
ycsb	workloadF	gh	result_ycsb_1458312852	2016/03/18:07:54:12	masstree	10000000	1	1	0	0	0	true	256	50	512	2	1000	true	16	0	0	0	0	1	10	0	1	0	0	14	0	16	F	0	0	3	0	0.0324268	9.091479527639756E-5	319826	959.1999559827195
ycsb	workloadF	gh	result_ycsb_1458313074	2016/03/18:07:57:54	hash	10000000	1	1	0	0	0	true	256	50	512	2	1000	true	16	0	0	0	0	1	9	1	1	0	0	14	0	16	F	0	0	3	0	0.06802209999999999	5.270889931191261E-4	665918	5417.640404783432
ycsb	workloadF	gh	result_ycsb_1458313074	2016/03/18:07:57:54	masstree	10000000	1	1	0	0	0	true	256	50	512	2	1000	true	16	0	0	0	0	1	9	1	1	0	0	14	0	16	F	0	0	3	0	0.0338175	1.4949142673309533E-4	331729	1509.139563535793
ycsb	workloadF	gh	result_ycsb_1458313295	2016/03/18:08:01:35	hash	10000000	1	1	0	0	0	true	256	50	512	2	1000	true	16	0	0	0	0	1	8	2	1	0	0	14	0	16	F	0	0	3	0	0.0726977	1.4741759279619958E-4	706299	1381.331965893789
ycsb	workloadF	gh	result_ycsb_1458313295	2016/03/18:08:01:35	masstree	10000000	1	1	0	0	0	true	256	50	512	2	1000	true	16	0	0	0	0	1	8	2	1	0	0	14	0	16	F	0	0	3	0	0.03505403333333333	1.9168857266070997E-4	341391	2163.682252292489
ycsb	workloadF	gh	result_ycsb_1458313517	2016/03/18:08:05:17	hash	10000000	1	1	0	0	0	true	256	50	512	2	1000	true	16	0	0	0	0	1	7	3	1	0	0	14	0	16	F	0	0	3	0	0.08013146666666666	4.684843955650141E-4	770708	4507.275846400128
ycsb	workloadF	gh	result_ycsb_1458313517	2016/03/18:08:05:17	masstree	10000000	1	1	0	0	0	true	256	50	512	2	1000	true	16	0	0	0	0	1	7	3	1	0	0	14	0	16	F	0	0	3	0	0.036757066666666664	2.433423149033338E-4	355287	2451.033976826362
ycsb	workloadF	gh	result_ycsb_1458313738	2016/03/18:08:08:58	hash	10000000	1	1	0	0	0	true	256	50	512	2	1000	true	16	0	0	0	0	1	6	4	1	0	0	14	0	16	F	0	0	3	0	0.0904995	1.6365970793573927E-4	858315	1309.2419774594734
ycsb	workloadF	gh	result_ycsb_1458313738	2016/03/18:08:08:58	masstree	10000000	1	1	0	0	0	true	256	50	512	2	1000	true	16	0	0	0	0	1	6	4	1	0	0	14	0	16	F	0	0	3	0	0.038344666666666666	1.1298980288300079E-4	367543	1337.5284005317435
ycsb	workloadF	gh	result_ycsb_1458313959	2016/03/18:08:12:39	hash	10000000	1	1	0	0	0	true	256	50	512	2	1000	true	16	0	0	0	0	1	5	5	1	0	0	14	0	16	F	0	0	3	0	0.106637	7.1628672081025E-5	990555	419.80233443848306
ycsb	workloadF	gh	result_ycsb_1458313959	2016/03/18:08:12:39	masstree	10000000	1	1	0	0	0	true	256	50	512	2	1000	true	16	0	0	0	0	1	5	5	1	0	0	14	0	16	F	0	0	3	0	0.039932466666666666	9.892806589652921E-5	378288	1072.982758482167
ycsb	workloadF	gh	result_ycsb_1458314180	2016/03/18:08:16:20	hash	10000000	1	1	0	0	0	true	256	50	512	2	1000	true	16	0	0	0	0	1	4	6	1	0	0	14	0	16	F	0	0	3	0	0.13272233333333336	3.372213252706785E-4	1196901	2586.6664948663292
ycsb	workloadF	gh	result_ycsb_1458314180	2016/03/18:08:16:20	masstree	10000000	1	1	0	0	0	true	256	50	512	2	1000	true	16	0	0	0	0	1	4	6	1	0	0	14	0	16	F	0	0	3	0	0.0405729	1.7729032686518396E-4	380412	1889.8539626119264
ycsb	workloadF	gh	result_ycsb_1458314402	2016/03/18:08:20:02	hash	10000000	1	1	0	0	0	true	256	50	512	2	1000	true	16	0	0	0	0	1	3	7	1	0	0	14	0	16	F	0	0	3	0	0.17660166666666668	3.745791712669435E-4	1523615	3295.4838626022547
ycsb	workloadF	gh	result_ycsb_1458314402	2016/03/18:08:20:02	masstree	10000000	1	1	0	0	0	true	256	50	512	2	1000	true	16	0	0	0	0	1	3	7	1	0	0	14	0	16	F	0	0	3	0	0.0406125	2.27572157055102E-4	376745	1900.0202338094975
ycsb	workloadF	gh	result_ycsb_1458314625	2016/03/18:08:23:46	hash	10000000	1	1	0	0	0	true	256	50	512	2	1000	true	16	0	0	0	0	1	2	8	1	0	0	14	0	16	F	0	0	3	0	0.2656463333333334	2.617700432139337E-4	2141391	2545.272480501842
ycsb	workloadF	gh	result_ycsb_1458314625	2016/03/18:08:23:46	masstree	10000000	1	1	0	0	0	true	256	50	512	2	1000	true	16	0	0	0	0	1	2	8	1	0	0	14	0	16	F	0	0	3	0	0.0371869	4.1607432028389755E-4	339175	3884.651621732508
ycsb	workloadF	gh	result_ycsb_1458314850	2016/03/18:08:27:30	hash	10000000	1	1	0	0	0	true	256	50	512	2	1000	true	16	0	0	0	0	1	1	9	1	0	0	14	0	16	F	0	0	3	0	0.4968456666666667	7.220121574695752E-4	3558275	7195.052157885132
ycsb	workloadF	gh	result_ycsb_1458314850	2016/03/18:08:27:30	masstree	10000000	1	1	0	0	0	true	256	50	512	2	1000	true	16	0	0	0	0	1	1	9	1	0	0	14	0	16	F	0	0	3	0	0.0330158	2.8348214523443846E-4	284037	5451.9222196291
ycsb	workloadF	gh	result_ycsb_1458315072	2016/03/18:08:31:12	hash	10000000	1	1	0	0	0	true	256	50	512	2	1000	true	16	0	0	0	0	1	0	10	1	0	0	14	0	16	F	0	0	3	0	113.93733333333334	1.7135143873199585	0	0.0
ycsb	workloadF	gh	result_ycsb_1458315072	2016/03/18:08:31:12	masstree	10000000	1	1	0	0	0	true	256	50	512	2	1000	true	16	0	0	0	0	1	0	10	1	0	0	14	0	16	F	0	0	3	0	121.80433333333333	1.831372223831462	0	0.0

